[
{"https://www.oaktreecapital.com/about_1": "Oaktree Capital Management is a leading global alternative investment management firm with\u00a0expertise in credit strategies. The firm was formed in 1995 by a group of individuals who had been investing together since the mid-1980s in high yield bonds, convertible securities, distressed debt, real estate,\u00a0control investments and listed equities. Today, Oaktree\u00a0comprises more than 950 employees with offices in Los Angeles (headquarters), New York, Stamford, Houston, London, Paris, Frankfurt, Amsterdam*, Dublin*, Helsinki, Luxembourg*, Dubai, Hong Kong, Tokyo, Singapore, Seoul, Beijing, Shanghai and Sydney. We have 40 portfolio managers with an average experience of 25 years and approximately 1,000 years of combined industry experience."},
{"https://www.oaktreecapital.com/about_2": "\n"},
{"https://www.oaktreecapital.com/about_3": "\n"},
{"https://www.oaktreecapital.com/about_1": "The firm\u2019s competitive advantages include its experienced team of investment professionals, a global platform and a unifying investment philosophy. This "},
{"https://www.oaktreecapital.com/about_2": "\u00a0\u2014 the six tenets of which are risk control, consistency, market inefficiency, specialization, bottom-up analysis and disavowal of market timing\u00a0\u2014 is complemented by a set of core "},
{"https://www.oaktreecapital.com/about_3": " that articulate Oaktree\u2019s commitment to excellence in investing; commonality of interests with clients; a collaborative and cooperative culture; and a disciplined, opportunistic approach to the expansion of offerings."},
{"https://www.oaktreecapital.com/about_4": "\n"},
{"https://www.oaktreecapital.com/about_5": "\n"},
{"https://www.oaktreecapital.com/about_1": "As a result of consistent application of our philosophy and principles, Oaktree has earned a large and distinguished clientele. Among Oaktree's global clients are 69 of the 100 largest U.S. pension plans, more than 400 corporations around the world, 39 of the 50 primary state retirement plans in the United States, over 320 endowments and foundations globally, and over 15 sovereign wealth funds."},
{"https://www.oaktreecapital.com/about_2": "\n"},
{"https://www.oaktreecapital.com/about_3": "\n"},
{"https://www.oaktreecapital.com/about_1": "Our expertise in investing across the capital structure has allowed us to cultivate a diversified mix of global investment strategies in four categories: credit, private equity, real assets and listed equities. Importantly, the expansion of our\u00a0strategies has been achieved primarily through \u201cstep-outs\u201d into highly related fields, based on identifying markets that (a) we believe have the potential for attractive returns, and (b) can be exploited in a manner consistent with the firm\u2019s philosophy focused on risk control."},
{"https://www.oaktreecapital.com/about_2": "\n"},
{"https://www.oaktreecapital.com/about_3": "\nIn 2019, "},
{"https://www.oaktreecapital.com/about_4": " acquired a majority interest in Oaktree. \u00a0Together, Brookfield and Oaktree provide investors with one of the most comprehensive offerings of alternative investment products available today. While partnering to leverage one another\u2019s strengths, Oaktree operates as an independent business within the Brookfield family, with its own product offerings and investment, marketing, and support teams. \u00a0To learn more about Brookfield, please visit\u00a0"},
{"https://www.oaktreecapital.com/about_5": "."},
{"https://www.oaktreecapital.com/about_6": "\n"},
{"https://www.oaktreecapital.com/about_7": "\n"},
{"https://www.oaktreecapital.com/about_1": "\n*Office of affiliates of Oaktree-managed funds"},
{"https://www.oaktreecapital.com/about_1": "Oaktree manages assets on behalf of many of the most significant institutional investors worldwide.  Our investor base includes pension plans, insurance companies, endowments, foundations and sovereign wealth funds.  Among our clients are 69 of the 100 largest U.S. pension plans, more than 400 corporations around the world, 39 of the 50 primary state retirement plans in the United States, over 320 endowments and foundations globally, and over 15 sovereign wealth funds."},
{"https://www.oaktreecapital.com/about_1": "Oaktree's foremost priority is to provide its clients with superior risk adjusted performance in alternative asset classes. The company invests in closed-end,\u00a0open-end and evergreen vehicles across four asset classes: credit, private equity, real assets and listed equities. In addition, the company holds an investment in DoubleLine Capital, an investment management firm and registered investment adviser."},
{"https://www.oaktreecapital.com/about_1": " References to total \"assets under management\" or \"AUM\" represent assets managed by Oaktree and a proportionate amount of the AUM reported by DoubleLine Capital LP (\"DoubleLine Capital\"), in which Oaktree owns a 20% minority interest.  Oaktree's methodology for calculating AUM includes (i) the net asset value (NAV) of assets managed directly by Oaktree, (ii) the leverage on which management fees are charged, (iii) undrawn capital that Oaktree is entitled to call from investors in Oaktree funds pursuant to their capital commitments, (iv) for collateralized loan obligation vehicles (\"CLOs\"), the aggregate par value of collateral assets and principal cash, (v) for publicly-traded business development companies, gross assets (including assets acquired with leverage), net of cash, and (vi) Oaktree's pro rata portion (20%) of the AUM reported by DoubleLine Capital.  This calculation of AUM is not based on the definitions of AUM that may be set forth in agreements governing the investment funds, vehicles or accounts managed and is not calculated pursuant to regulatory definitions.\n"},
{"https://www.oaktreecapital.com/about_1": " Includes offices of affiliates of Oaktree-managed funds in Amsterdam, Luxembourg and Dublin.\n"},
{"https://www.oaktreecapital.com/about_2": "\n"},
{"https://www.oaktreecapital.com/about_1": " All assets under management figures presented on this site are as of March 31, 2020, unless noted otherwise. "},
{"https://www.oaktreecapital.com/about_2": "\n"},
{"https://www.oaktreecapital.com/about_1": " Excludes proportionate amount of DoubleLine Capital AUM."},
{"https://www.oaktreecapital.com/about_2": "\n"},
{"https://www.oaktreecapital.com/about/diversity-inclusion_1": "Oaktree is committed to increasing diversity, particularly in our professional ranks, and to ensuring an inclusive workplace that enables all employees to achieve their full potential. We know that diversity of backgrounds (be it gender, ethnicity, experience, or other) contributes to diversity of thought and a deeper understanding of the world and of the countries and companies in which we invest. This in turn leads to better insight, increased creativity, more informed risk-taking and, simply put: better business and investment results for our clients and stakeholders.\n"},
{"https://www.oaktreecapital.com/about/diversity-inclusion_1": "\n    The implementation of training and other programs to increase awareness of the business case for diversity and the unconscious biases that may preclude us from reaping diversity\u2019s benefits;\n    "},
{"https://www.oaktreecapital.com/about/diversity-inclusion_1": "The support of programs and employment benefits aimed at helping Oaktree both retain "},
{"https://www.oaktreecapital.com/about/diversity-inclusion_2": "develop Oaktree\u2019s female and underrepresented populations;\n    "},
{"https://www.oaktreecapital.com/about/diversity-inclusion_1": "The establishment of innovative and proactive outreach and recruitment efforts to increase the pipeline for diverse talent in our industry and for Oaktree specifically; and\n    "},
{"https://www.oaktreecapital.com/about/diversity-inclusion_1": "The provision of data and insights to department heads and Oaktree hiring managers to create transparency and accountability to accelerate results.\n    "},
{"https://www.oaktreecapital.com/about/diversity-inclusion_1": "\n    Diversity & Inclusion Council\n    "},
{"https://www.oaktreecapital.com/about/diversity-inclusion_1": "\n    Awareness Council"},
{"https://www.oaktreecapital.com/about/diversity-inclusion_1": "\n    Oaktree Pride\n    "},
{"https://www.oaktreecapital.com/about/diversity-inclusion_1": "\n    Underrepresented Groups Council\n    "},
{"https://www.oaktreecapital.com/about/diversity-inclusion_1": "\n    Women\u2019s Leadership Council\n    "},
{"https://www.oaktreecapital.com/strategies_1": "Investors may access our strategy offerings via different structure and vehicle types, as shown below, based on their investor type (e.g., institutional or individual), as well as their liquidity profile and investment horizon."},
{"https://www.oaktreecapital.com/strategies_2": "\n"},
{"https://www.oaktreecapital.com/strategies_1": "\n"},
{"https://www.oaktreecapital.com/strategies_2": "\n"},
{"https://www.oaktreecapital.com/strategies_3": "\n"},
{"https://www.oaktreecapital.com/about/investment-philosophy_1": "\nThe following reflects the investment philosophy and beliefs of Oaktree and its senior executives.\n"},
{"https://www.oaktreecapital.com/about/investment-philosophy_2": "\n"},
{"https://www.oaktreecapital.com/about/investment-philosophy_3": "\nOaktree provides investment management  where we believe the potential for reward outweighs the risk entailed. All of our investment activities operate according to the unifying philosophy that follows:"},
{"https://www.oaktreecapital.com/about/investment-philosophy_1": "Our goal is not superior investment performance but superior performance with less-than-commensurate risk. Above-average gains in good times are not necessarily proof of a manager's skill; it takes superior performance in bad times to prove that those good-time gains were earned through skill, not simply the acceptance of above average risk. Thus, rather than merely searching for prospective profits, we place the highest priority on preventing losses. It is our overriding belief that, especially in the opportunistic markets in which we work, \"if we avoid the losers, the winners will take care of themselves.\""},
{"https://www.oaktreecapital.com/about/investment-philosophy_1": "Oscillating between top-quartile results in good years and bottom-quartile results in bad years is not acceptable to us. It is our belief that a superior record is best built on a high batting average rather than a mix of brilliant successes and dismal failures."},
{"https://www.oaktreecapital.com/about/investment-philosophy_1": "We feel that skill and hard work can lead to a \"knowledge advantage,\" and thus to potentially superior investment results. But we do not believe this can occur in so-called efficient markets, where large numbers of participants share roughly equal access to information and act in an unbiased fashion to incorporate that information into asset prices. We believe there are less efficient markets in which dispassionate application of skill and effort should pay off for our clients, and it is only in such markets that we invest."},
{"https://www.oaktreecapital.com/about/investment-philosophy_1": "Specialization offers the surest path to the results we, and our clients, seek. Thus, we insist that each of our portfolios do just one thing \u2014 practice a single investment specialty \u2014 and do it absolutely as well as it can be done. We establish the charter for each investment specialty as explicitly as possible and do not deviate. In this way, there are no surprises; our actions and performance always follow directly from the job we're hired to do. The availability of specialized portfolios enables Oaktree clients interested in a single asset class to get exactly what they want; clients interested in more than one class can combine our portfolios for the mix they desire."},
{"https://www.oaktreecapital.com/about/investment-philosophy_1": "We believe consistently excellent performance can only be achieved through superior knowledge of companies and their securities, not through attempts at predicting what is in store for the economy, interest rates or the securities markets. Therefore, our investment process is entirely bottom-up, based on proprietary, company-specific research. We use overall portfolio structuring as a defensive tool to help us avoid dangerous concentration, rather than as an aggressive weapon expected to enable us to hold more of the things that do best."},
{"https://www.oaktreecapital.com/about/investment-philosophy_1": "Because we do not believe in the predictive ability required to correctly time markets, we keep portfolios fully invested whenever attractively priced assets can be bought. Concern about the market climate may cause us to tilt toward more defensive investments, increase selectivity or act more deliberately, but we never move to raise cash. Clients hire us to invest in specific market niches, and we must never fail to do our job. Holding investments that decline in price is unpleasant, but missing out on returns because we failed to buy what we were hired to buy is inexcusable."},
{"https://www.oaktreecapital.com/about/business-principles_1": "Our goal is excellence in investing. To us, this means achieving attractive returns without commensurate risk, an imbalance which can only be achieved in markets that are not \"efficient.\" Although we strive for superior returns, our first priority is that our actions produce consistency, protection of capital, and superior performance in bad times.\n"},
{"https://www.oaktreecapital.com/about/business-principles_1": "Adding value in our markets requires a \"knowledge advantage\" that can come only from proprietary, in-depth research. We have dedicated a staff of highly skilled specialists to each market and created a research methodology that is consistently applied. Our research revolves around enumerating the elements required for success and identifying investment candidates through which we seek to satisfy those requirements.\n"},
{"https://www.oaktreecapital.com/about/business-principles_1": "\nIn order to achieve commonality of interests with our clients, we pay strict attention to potential conflicts of interests, avoiding them if possible and dealing fairly with them if not. We put clients' interests ahead of our own and treat all clients equally. It is our fundamental operating principle that if all of our practices were to become known, there must be no one with grounds for complaint."},
{"https://www.oaktreecapital.com/about/business-principles_1": "\nOur personnel practices must contribute to the achievement of our clients' objectives. A harmonious workplace and a spirit of cooperation are indispensable; personnel turnover, office politics and unhealthy competition are to be guarded against. The fruits of our labor will always be shared broadly and equitably with our staff. To that end, employee stock ownership and firm-wide profit participation are key.\n"},
{"https://www.oaktreecapital.com/about/business-principles_1": "\nCommunication with clients must meet their needs and strengthen our relationships with them. We want every client to thoroughly understand our philosophy, approach, actions and results. If what we do ever comes as a surprise to a client, then we have failed in this regard. In reporting our performance, we accurately state our achievements, neither hiding behind excuses for losses nor taking credit for serendipitous gains.\n"},
{"https://www.oaktreecapital.com/about/business-principles_1": "Our management fee arrangements should compensate us fairly for the value we add and advance a constructive business relationship. Fee arrangements should motivate us to act solely in our clients' best interests; they should be fair, competitive and explicit. All accounts of comparable size must pay comparable fees for the same service.\n"},
{"https://www.oaktreecapital.com/about/business-principles_1": "\nWhen adding new products to Oaktree's list of investment strategies, we consider it far more important to avoid mistakes than to capture every opportunity. In each case, our decision to create a new product is based on:\n"},
{"https://www.oaktreecapital.com/about/business-principles_1": "\nBecause of the high priority placed on assuring that these requirements are met, we prefer that new Oaktree products represent \"step-outs\" into highly related fields undertaken with people with whom we have had extensive first-hand experience."},
{"https://www.oaktreecapital.com/about/business-principles_2": "\n"},
{"https://www.oaktreecapital.com/about/business-principles_1": "\nOur firm\u2019s profitability must stem from doing all of the above. Oaktree is run for the benefit of its\nclients and their constituencies, as well as for its owners and employees. Profit without performance, bigness for\nits own sake and prosperity through cost cutting are all explicitly rejected. Our earnings should grow if we\nachieve excellence in investing... but only then."},
{"https://www.oaktreecapital.com/about/business-principles_2": "\n"},
{"https://www.oaktreecapital.com/insights_1": "U.S. stocks have managed a remarkable advance in the past several weeks. Has this been appropriate or irrational? "},
{"https://www.oaktreecapital.com/insights_2": " shares his thoughts on the recent rally in asset prices in his latest memo."},
{"https://www.oaktreecapital.com/investors_1": "We put our clients' interests ahead of our own and treat all clients equally."},
{"https://www.oaktreecapital.com/investors_1": "We provide qualified institutional investors (e.g., sovereign wealth funds, public funds, pensions funds, corporations and endowments/foundations) with a range of products focused on alternative investments and inefficient markets"},
{"https://www.oaktreecapital.com/investors_1": "We equip financial intermediaries with a suite of Oaktree strategies through our commingled investment vehicles."},
{"https://www.oaktreecapital.com/investors_1": "We give individual investors access to Oaktree products through our commingled investment vehicles."},
{"https://www.oaktreecapital.com/investors_1": "We are committed to providing useful and timely information to public unitholders."},
{"https://www.oaktreecapital.com/insights_1": "Oaktree\u2019s "},
{"https://www.oaktreecapital.com/insights_2": " publication shines a spotlight on real estate debt as part of our global liquid credit investing platform and underscores why it\u2019s debt worth having in today\u2019s economic and investment environment."},
{"https://www.oaktreecapital.com/insights_1": "In this Oaktree Insights "},
{"https://www.oaktreecapital.com/insights_2": ", Co-Portfolio Managers "},
{"https://www.oaktreecapital.com/insights_3": " and "},
{"https://www.oaktreecapital.com/insights_4": ", along with Product Specialist "},
{"https://www.oaktreecapital.com/insights_5": ", provide an overview of the structured credit asset class. They cover the dynamics and developments of the market segment and highlight what they view as merits of the asset class.\n"},
{"https://www.oaktreecapital.com/insights_6": "\n\u00a0\n"},
{"https://www.oaktreecapital.com/insights_1": "In this Oaktree Insights "},
{"https://www.oaktreecapital.com/insights_2": ",\u00a0"},
{"https://www.oaktreecapital.com/insights_3": " and "},
{"https://www.oaktreecapital.com/insights_4": " (Co-Portfolio Managers in the Middle-Market Finance Group) discuss the important role mezzanine capital providers play in growth- and acquisition-related financings in the North American middle market. \u00a0They also provide an overview of Oaktree's investment strategy and our perspective on the asset class.\n"},
{"https://www.oaktreecapital.com/insights_5": "\n\u00a0\n"},
{"https://www.oaktreecapital.com/insights_1": "In this Oaktree Insights "},
{"https://www.oaktreecapital.com/insights_2": ", "},
{"https://www.oaktreecapital.com/insights_3": " (Real Estate Portfolio Manager) explores the introductory concepts of real estate investing and provides an overview of Oaktree's investment strategy and our perspective on the asset class."},
{"https://www.oaktreecapital.com/insights_4": "\n"},
{"https://www.oaktreecapital.com/insights_5": "\n\u00a0\n"},
{"https://www.oaktreecapital.com/insights_1": "Oaktree\u2019s "},
{"https://www.oaktreecapital.com/insights_2": " strategy is grounded in rigorous credit analysis and a strict focus on downside protection. Watch Portfolio Managers "},
{"https://www.oaktreecapital.com/insights_3": " and "},
{"https://www.oaktreecapital.com/insights_4": " describe the cornerstones of our structured credit investing."},
{"https://www.oaktreecapital.com/insights_1": "In this video, Portfolio Manager "},
{"https://www.oaktreecapital.com/insights_2": " describes the cornerstones of Oaktree\u2019s "},
{"https://www.oaktreecapital.com/insights_3": " strategy, including the primacy of downside protection and a focus on proactive asset management."},
{"https://www.oaktreecapital.com/insights_1": "In this video, "},
{"https://www.oaktreecapital.com/insights_2": " and "},
{"https://www.oaktreecapital.com/insights_3": ", co-portfolio managers of our "},
{"https://www.oaktreecapital.com/insights_4": " strategy, describe our view of the EM universe, the guiding principles behind risk management and the meaning of value investing in emerging markets."},
{"https://www.oaktreecapital.com/insights_1": "Co-Chairman "},
{"https://www.oaktreecapital.com/insights_2": " is joined by "},
{"https://www.oaktreecapital.com/insights_3": " ("},
{"https://www.oaktreecapital.com/insights_4": "), "},
{"https://www.oaktreecapital.com/insights_5": " ("},
{"https://www.oaktreecapital.com/insights_6": "), and "},
{"https://www.oaktreecapital.com/insights_7": " ("},
{"https://www.oaktreecapital.com/insights_8": ") for a roundtable discussion on the emerging markets. Watch the video for their perspectives on the overall EM environment and their approach to disciplined investing during these volatile times.\n"},
{"https://www.oaktreecapital.com/insights_9": "\n"},
{"https://www.oaktreecapital.com/insights_1": "Co-Chairman "},
{"https://www.oaktreecapital.com/insights_2": " is joined by "},
{"https://www.oaktreecapital.com/insights_3": " ("},
{"https://www.oaktreecapital.com/insights_4": "), "},
{"https://www.oaktreecapital.com/insights_5": " ("},
{"https://www.oaktreecapital.com/insights_6": ", "},
{"https://www.oaktreecapital.com/insights_7": ") and "},
{"https://www.oaktreecapital.com/insights_8": " ("},
{"https://www.oaktreecapital.com/insights_9": ", "},
{"https://www.oaktreecapital.com/insights_10": ") to discuss today's credit markets, technical conditions, relative value considerations, and potential areas of opportunity.\n"},
{"https://www.oaktreecapital.com/insights_11": "\n"},
{"https://www.oaktreecapital.com/insights_1": "In the next installment of our "},
{"https://www.oaktreecapital.com/insights_2": "video series, Co-Chairman "},
{"https://www.oaktreecapital.com/insights_3": "discusses the import of cycles with "},
{"https://www.oaktreecapital.com/insights_4": " ("},
{"https://www.oaktreecapital.com/insights_5": " and "},
{"https://www.oaktreecapital.com/insights_6": "), "},
{"https://www.oaktreecapital.com/insights_7": " ("},
{"https://www.oaktreecapital.com/insights_8": ") and "},
{"https://www.oaktreecapital.com/insights_9": " ("},
{"https://www.oaktreecapital.com/insights_10": ") on the back of the launch of his "},
{"https://www.oaktreecapital.com/insights_11": "bestseller, "},
{"https://www.oaktreecapital.com/insights_12": ".\n"},
{"https://www.oaktreecapital.com/insights_13": "\n"},
{"https://www.oaktreecapital.com/insights_1": "In 2015, Oaktree commemorated its 20th anniversary by launching a special initiative, "},
{"https://www.oaktreecapital.com/insights_2": ", to formalize the Company\u2019s long-standing tradition of supporting our communities. Through this program, Oaktree and its employees are able to dedicate their time and resources to numerous meaningful and much-needed community initiatives across the globe."},
{"https://www.oaktreecapital.com/insights_3": "\n"},
{"https://www.oaktreecapital.com/insights_4": "\n"},
{"https://www.oaktreecapital.com/strategies/real-assets_1": "Our real assets platform capitalizes on Oaktree\u2019s global footprint, multi-disciplinary capabilities, extensive network of industry experts, and key relationships with operating partners. We adhere to Oaktree\u2019s investment philosophy, emphasizing the purchase of assets \u2013 or liens on assets \u2013 where we believe the relationship between risk and return is asymmetrical and where we believe relationships and a knowledge advantage can make a significant positive impact on our ability to successfully source, purchase, manage and exit investments."},
{"https://www.oaktreecapital.com/strategies/real-assets_1": "Please see "},
{"https://www.oaktreecapital.com/strategies/real-assets_2": " page."},
{"https://www.oaktreecapital.com/strategies/listed-equities_1": "Our listed equities strategies seek to invest in undervalued stocks in specific regions. By coupling fundamental analysis with in-depth country and industry knowledge, we look to uncover stocks trading at a discount to their intrinsic value. We believe our superior knowledge allows us to identify attractive investment opportunities while limiting downside risk."},
{"https://www.oaktreecapital.com/strategies/listed-equities_1": "Please see "},
{"https://www.oaktreecapital.com/strategies/listed-equities_2": " page."},
{"https://www.oaktreecapital.com/people_1": "Oaktree's people \u2014 located in offices around the world \u2014 have the shared values and complementary skills that lead to our success as a firm. All members of our team, no matter what their roles, work together in accordance with our business principles and our investment philosophy and have a vested interest in our success. This commitment is reflected by the fact that our personnel tend to stay with our firm over the long term."},
{"https://www.oaktreecapital.com/people_2": "\n"},
{"https://www.oaktreecapital.com/people_3": "\n"},
{"https://www.oaktreecapital.com/strategies/private-equity_1": "Our private equity strategies focus on a broad range of regions and market sectors, and they combine traditional private equity and distress-for-control activities. Using a flexible and opportunistic approach, we invest in companies we believe to be undervalued.  We seek to enhance value through key strategic and tactical initiatives, including rightsizing capital structures, streamlining operations, improving core businesses, and creating new platforms for growth. Our teams leverage deep sector knowledge and extensive proprietary networks to gain superior access to deal flow, and they reflect Oaktree\u2019s emphasis on risk control and downside protection.\n"},
{"https://www.oaktreecapital.com/strategies/private-equity_1": "Please see "},
{"https://www.oaktreecapital.com/strategies/private-equity_2": " page."},
{"https://www.oaktreecapital.com/insights/oaktree-insights_1": "Oaktree\u2019s latest "},
{"https://www.oaktreecapital.com/insights/oaktree-insights_2": " publication shines a spotlight on real estate debt as part of our global liquid credit investing platform and underscores why it\u2019s debt worth having in today\u2019s economic and investment environment."},
{"https://www.oaktreecapital.com/insights/oaktree-insights_1": "\n"},
{"https://www.oaktreecapital.com/insights/oaktree-insights_2": "\n"},
{"https://www.oaktreecapital.com/insights/oaktree-insights_1": "In this Oaktree Insights "},
{"https://www.oaktreecapital.com/insights/oaktree-insights_2": ", Co-Portfolio Managers "},
{"https://www.oaktreecapital.com/insights/oaktree-insights_3": " and "},
{"https://www.oaktreecapital.com/insights/oaktree-insights_4": ", along with Product Specialist "},
{"https://www.oaktreecapital.com/insights/oaktree-insights_5": ", provide an overview of the structured credit asset class. They cover the dynamics and developments of the market segment and highlight what they view as merits of the asset class.\n"},
{"https://www.oaktreecapital.com/insights/oaktree-insights_6": "\n\u00a0\n"},
{"https://www.oaktreecapital.com/insights/oaktree-insights_1": "In this Oaktree Insights "},
{"https://www.oaktreecapital.com/insights/oaktree-insights_2": ",\u00a0"},
{"https://www.oaktreecapital.com/insights/oaktree-insights_3": " and "},
{"https://www.oaktreecapital.com/insights/oaktree-insights_4": " (Co-Portfolio Managers in the Middle-Market Finance Group) discuss the important role mezzanine capital providers play in growth- and acquisition-related financings in the North American middle market. \u00a0They also provide an overview of Oaktree's investment strategy and our perspective on the asset class.\n"},
{"https://www.oaktreecapital.com/insights/oaktree-insights_5": "\n\u00a0\n"},
{"https://www.oaktreecapital.com/insights/oaktree-insights_1": "In this Oaktree Insights "},
{"https://www.oaktreecapital.com/insights/oaktree-insights_2": ", "},
{"https://www.oaktreecapital.com/insights/oaktree-insights_3": " (Real Estate Portfolio Manager) explores the introductory concepts of real estate investing and provides an overview of Oaktree's investment strategy and our perspective on the asset class."},
{"https://www.oaktreecapital.com/insights/oaktree-insights_4": "\n"},
{"https://www.oaktreecapital.com/insights/oaktree-insights_5": "\n\u00a0\n"},
{"https://www.oaktreecapital.com/about/responsible-investing_1": "\nOaktree recognizes that environmental, social and governance (\u201cESG\u201d) issues are of paramount importance to responsible investing.\u00a0 As a firm we regularly evaluate how we can best incorporate ESG considerations into our investment process to conscientiously invest on behalf of our clients.\u00a0"},
{"https://www.oaktreecapital.com/about/responsible-investing_2": "\n"},
{"https://www.oaktreecapital.com/about/responsible-investing_3": "\nIn 2019, Oaktree became a signatory to the "},
{"https://www.oaktreecapital.com/about/responsible-investing_4": ".  These Principles are supported by a global network of asset managers, investors and service providers committed to integrating ESG considerations into their investment and ownership practices."},
{"https://www.oaktreecapital.com/about/responsible-investing_5": "\n"},
{"https://www.oaktreecapital.com/about/responsible-investing_1": "\nPlease refer to our policy on "},
{"https://www.oaktreecapital.com/about/responsible-investing_2": " for more detailed information."},
{"https://www.oaktreecapital.com/insights/videos_1": "In his latest memo, "},
{"https://www.oaktreecapital.com/insights/videos_2": " discusses the process of thinking in bets, parses the world of gambling, and draws parallels between "},
{"https://www.oaktreecapital.com/insights/videos_3": ".\n"},
{"https://www.oaktreecapital.com/insights/videos_1": "In this special post-release memo video, "},
{"https://www.oaktreecapital.com/insights/videos_2": " discusses Modern Monetary Theory, one of the trending points mentioned in his memo titled \u201c"},
{"https://www.oaktreecapital.com/investors/financial-professionals_1": "We equip financial intermediaries with a suite of Oaktree strategies through our commingled investment vehicles."},
{"https://www.oaktreecapital.com/investors/financial-professionals_2": "\n"},
{"https://www.oaktreecapital.com/investors/financial-professionals_1": "Allow qualified investors to participate in Oaktree\u2019s products through private commingled investment vehicles."},
{"https://www.oaktreecapital.com/investors/financial-professionals_2": "\n"},
{"https://www.oaktreecapital.com/investors/financial-professionals_1": "Provide investors access to select Oaktree products through public commingled investment vehicles with daily liquidity."},
{"https://www.oaktreecapital.com/investors/financial-professionals_2": "\n"},
{"https://www.oaktreecapital.com/investors/financial-professionals_3": "\nLearn more about Oaktree's "},
{"https://www.oaktreecapital.com/investors/financial-professionals_4": "."},
{"https://www.oaktreecapital.com/insights/videos_3": ".\u201d  "},
{"https://www.oaktreecapital.com/insights/videos_1": "In his memo, "},
{"https://www.oaktreecapital.com/insights/videos_2": " considers the future of \""},
{"https://www.oaktreecapital.com/insights/videos_3": ".\""},
{"https://www.oaktreecapital.com/insights/videos_1": "Oaktree\u2019s "},
{"https://www.oaktreecapital.com/insights/videos_2": " strategy is grounded in rigorous credit analysis and a strict focus on downside protection. Watch Portfolio Managers "},
{"https://www.oaktreecapital.com/insights/videos_3": " and "},
{"https://www.oaktreecapital.com/insights/videos_4": " describe the cornerstones of our structured credit investing."},
{"https://www.oaktreecapital.com/insights/videos_1": "In this video, Portfolio Manager "},
{"https://www.oaktreecapital.com/insights/videos_2": " describes the cornerstones of Oaktree\u2019s "},
{"https://www.oaktreecapital.com/insights/videos_3": " strategy, including the primacy of downside protection and a focus on proactive asset management."},
{"https://www.oaktreecapital.com/insights/videos_1": "In this video, "},
{"https://www.oaktreecapital.com/insights/videos_2": " and "},
{"https://www.oaktreecapital.com/insights/videos_3": ", co-portfolio managers of our "},
{"https://www.oaktreecapital.com/insights/videos_4": " strategy, describe our view of the EM universe, the guiding principles behind risk management and the meaning of value investing in emerging markets."},
{"https://www.oaktreecapital.com/insights/videos_1": "Co-Chairman "},
{"https://www.oaktreecapital.com/insights/videos_2": " is joined by "},
{"https://www.oaktreecapital.com/insights/videos_3": " ("},
{"https://www.oaktreecapital.com/insights/videos_4": "), "},
{"https://www.oaktreecapital.com/insights/videos_5": " ("},
{"https://www.oaktreecapital.com/insights/videos_6": "), and "},
{"https://www.oaktreecapital.com/insights/videos_7": " ("},
{"https://www.oaktreecapital.com/insights/videos_8": ") for a roundtable discussion on the emerging markets. Watch the video for their perspectives on the overall EM environment and their approach to disciplined investing during these volatile times.\n"},
{"https://www.oaktreecapital.com/insights/videos_9": "\n"},
{"https://www.oaktreecapital.com/insights/videos_1": "Co-Chairman "},
{"https://www.oaktreecapital.com/insights/videos_2": " is joined by "},
{"https://www.oaktreecapital.com/insights/videos_3": " ("},
{"https://www.oaktreecapital.com/insights/videos_4": "), "},
{"https://www.oaktreecapital.com/insights/videos_5": " ("},
{"https://www.oaktreecapital.com/insights/videos_6": ", "},
{"https://www.oaktreecapital.com/insights/videos_7": ") and "},
{"https://www.oaktreecapital.com/insights/videos_8": " ("},
{"https://www.oaktreecapital.com/insights/videos_9": ", "},
{"https://www.oaktreecapital.com/insights/videos_10": ") to discuss today's credit markets, technical conditions, relative value considerations, and potential areas of opportunity.\n"},
{"https://www.oaktreecapital.com/insights/videos_11": "\n"},
{"https://www.oaktreecapital.com/insights/videos_1": "In the next installment of our "},
{"https://www.oaktreecapital.com/insights/videos_2": "video series, Co-Chairman "},
{"https://www.oaktreecapital.com/insights/videos_3": "discusses the import of cycles with "},
{"https://www.oaktreecapital.com/insights/videos_4": " ("},
{"https://www.oaktreecapital.com/insights/videos_5": " and "},
{"https://www.oaktreecapital.com/insights/videos_6": "), "},
{"https://www.oaktreecapital.com/insights/videos_7": " ("},
{"https://www.oaktreecapital.com/insights/videos_8": ") and "},
{"https://www.oaktreecapital.com/insights/videos_9": " ("},
{"https://www.oaktreecapital.com/insights/videos_10": ") on the back of the launch of his "},
{"https://www.oaktreecapital.com/insights/videos_11": "bestseller, "},
{"https://www.oaktreecapital.com/insights/videos_12": ".\n"},
{"https://www.oaktreecapital.com/insights/videos_13": "\n"},
{"https://www.oaktreecapital.com/insights/videos_1": "In 2015, Oaktree commemorated its 20th anniversary by launching a special initiative, "},
{"https://www.oaktreecapital.com/insights/videos_2": ", to formalize the Company\u2019s long-standing tradition of supporting our communities. Through this program, Oaktree and its employees are able to dedicate their time and resources to numerous meaningful and much-needed community initiatives across the globe."},
{"https://www.oaktreecapital.com/insights/videos_3": "\n"},
{"https://www.oaktreecapital.com/insights/videos_4": "\n"},
{"https://www.oaktreecapital.com/strategies/credit_1": "Our credit strategies invest in both liquid and illiquid instruments, sourced directly from borrowers and via public markets. We focus primarily on rated and non-rated debt of sub-investment grade issuers in developed and emerging markets, and we invest in an array of high yield bonds, convertible securities, leveraged loans, structured credit instruments, distressed debt and private debt. While varied in investment objective and risk-return profile, each of our credit strategies is grounded in Oaktree\u2019s unifying investment philosophy, placing primary emphasis on risk control and consistency."},
{"https://www.oaktreecapital.com/strategies/credit_1": "Please see "},
{"https://www.oaktreecapital.com/strategies/credit_2": " page."},
{"https://www.oaktreecapital.com/investors/individual-investors_1": "We give individual investors access to Oaktree products through our commingled investment vehicles."},
{"https://www.oaktreecapital.com/investors/individual-investors_2": "\n"},
{"https://www.oaktreecapital.com/investors/individual-investors_3": "\n"},
{"https://www.oaktreecapital.com/investors/individual-investors_1": "Allow qualified investors to participate in Oaktree\u2019s products through private commingled investment vehicles."},
{"https://www.oaktreecapital.com/investors/individual-investors_2": "\n"},
{"https://www.oaktreecapital.com/investors/individual-investors_3": "\n"},
{"https://www.oaktreecapital.com/investors/individual-investors_1": "Provide investors access to select Oaktree products through public commingled investment vehicles with daily liquidity."},
{"https://www.oaktreecapital.com/investors/individual-investors_2": "\n"},
{"https://www.oaktreecapital.com/investors/individual-investors_3": "\nLearn more about Oaktree's "},
{"https://www.oaktreecapital.com/investors/individual-investors_4": "."},
{"https://www.oaktreecapital.com/about/our-communities-matter_1": "In 2015, Oaktree commemorated its 20th anniversary by launching a special initiative, Our Communities Matter (OCM), to formalize the Company\u2019s long-standing tradition of supporting our communities.  Through this program, Oaktree and its employees are able to dedicate their time and resources to numerous meaningful and much-needed community initiatives across the globe."},
{"https://www.oaktreecapital.com/about/our-communities-matter_1": "While Oaktree employees are working remotely across the globe, we\u2019re also supporting COVID-19 relief organizations through a special employee matching campaign.\n"},
{"https://www.oaktreecapital.com/about/our-communities-matter_2": "\n"},
{"https://www.oaktreecapital.com/about/our-communities-matter_3": "\n"},
{"https://www.oaktreecapital.com/about/our-communities-matter_1": "In Singapore, Oaktree employees sorted, packed and readied cartons of food for those in need. "},
{"https://www.oaktreecapital.com/about/our-communities-matter_2": "\n"},
{"https://www.oaktreecapital.com/about/our-communities-matter_3": "\n"},
{"https://www.oaktreecapital.com/about/our-communities-matter_1": "Los Angeles employees show their support of the Girls on the Run 5K in partnership with our "},
{"https://www.oaktreecapital.com/about/our-communities-matter_2": " teams."},
{"https://www.oaktreecapital.com/about/our-communities-matter_3": "\n"},
{"https://www.oaktreecapital.com/about/our-communities-matter_4": "\n"},
{"https://www.oaktreecapital.com/about/our-communities-matter_1": "Employees from Oaktree\u2019s London office cycle the 45-mile route from Buckingham Palace to Windsor Castle to benefit The Prince\u2019s Trust."},
{"https://www.oaktreecapital.com/about/our-communities-matter_1": "In a joint effort between the Our Communities Matter and Oaktree Pride initiatives, LA employees, families and friends joined together to participate in the 10K AIDS Walk Los Angeles benefitting APLA Health, a community-based health center caring for the LGBT population, and 20 other Los Angeles County HIV service organizations."},
{"https://www.oaktreecapital.com/insights/howard-marks-memos_1": "Oaktree Clients"},
{"https://www.oaktreecapital.com/insights/howard-marks-memos_1": "Howard Marks"},
{"https://www.oaktreecapital.com/insights/howard-marks-memos_1": "The Anatomy of a Rally"},
{"https://www.oaktreecapital.com/about/our-communities-matter_2": "\n"},
{"https://www.oaktreecapital.com/about/our-communities-matter_1": "Howard Marks and Jay Wintrob explain why the Navy SEAL Foundation\u2019s mission to support the families of the Navy SEALs is important to Oaktree, as well as our country."},
{"https://www.oaktreecapital.com/about/our-communities-matter_1": "Oaktree\u2019s Matching Program empowers employees to give back to their communities in their own ways."},
{"https://www.oaktreecapital.com/about/our-communities-matter_1": "In our Los Angeles headquarters, Oaktree employees show their creativity in arts and crafts projects for The Painted Turtle campers."},
{"https://www.oaktreecapital.com/about/our-communities-matter_1": "Oaktree\u2019s New York office prepares and serves dinner to individuals in need with New York Common Pantry."},
{"https://www.oaktreecapital.com/about/our-communities-matter_1": "Employees from Oaktree's London office remove litter from the Thames Foreshore at Hammersmith Bridge. "},
{"https://www.oaktreecapital.com/about/our-communities-matter_1": "Employees from Oaktree's LA office decorate the Karsh Family Campus, a new addition to the KIPP Public Charter School system, to create a bright college-focused school environment. "},
{"https://www.oaktreecapital.com/about/our-communities-matter_1": "Employees from Oaktree\u2019s Hong Kong office help recycle soap to send to underprivileged families and schools in disadvantaged\u00a0communities in Asia."},
{"https://www.oaktreecapital.com/about/our-communities-matter_1": "Oaktree builds bicycles for the children of the Boys & Girls Club of Pasadena. For many of the recipients, Oaktree\u2019s donation will be the first bike they ever own!"},
{"https://www.oaktreecapital.com/about/our-communities-matter_1": "Oaktree\u2019s New York office volunteers with Habitat for Humanity to build homes for families and individuals in need."},
{"https://www.oaktreecapital.com/about/our-communities-matter_1": "Oaktree cleans up the Santa Monica beach partnering with Heal the Bay, a nonprofit  organization dedicated to making Southern California coastal waters safe, healthy and clean."},
{"https://www.oaktreecapital.com/about/our-communities-matter_1": "Oaktree\u2019s London and New York offices join the J.P. Morgan Chase Corporate Challenge for its annual races celebrating fitness, camaraderie and goal-setting."},
{"https://www.oaktreecapital.com/about/our-communities-matter_1": "Benefiting the Children\u2019s Hospital of Los Angeles, Oaktree competes in the Malibu Triathlon, consisting of a half mile swim,  an eighteen mile bike ride and  a four mile run."},
{"https://www.oaktreecapital.com/about/our-communities-matter_1": "The dogs of Oaktree (and their owners) enjoy a walk around the world famous Rose Bowl benefiting the Pasadena Humane Society & SPCA."},
{"https://www.oaktreecapital.com/about/our-communities-matter_1": "Climbing 75 stories to the top of the US Bank Tower in Los Angeles, Oaktree is the largest participant in this annual event in support of the Ketchum-Downtown YMCA and its extensive community programs."},
{"https://www.oaktreecapital.com/investors/institutional-investors_1": "We provide qualified institutional investors (e.g., sovereign wealth funds, public funds, pensions funds, corporations and endowments/foundations) with a range of products focused on alternative investments and inefficient markets.\n"},
{"https://www.oaktreecapital.com/investors/institutional-investors_1": "Provide institutional investors with the ability to establish private accounts in the style of nearly any Oaktree strategy or multi-strategy solution."},
{"https://www.oaktreecapital.com/investors/institutional-investors_1": "Allow qualified investors to participate in Oaktree\u2019s products through private commingled investment vehicles."},
{"https://www.oaktreecapital.com/investors/institutional-investors_2": "\n"},
{"https://www.oaktreecapital.com/investors/institutional-investors_1": "Provide investors access to select Oaktree products through public commingled investment vehicles with daily liquidity."},
{"https://www.oaktreecapital.com/investors/institutional-investors_2": "\n"},
{"https://www.oaktreecapital.com/investors/institutional-investors_3": "\nLearn more about "},
{"https://www.oaktreecapital.com/investors/institutional-investors_4": "."}
]https://www.oaktreecapital.com/about_1
"Oaktree Capital Management is a leading global alternative investment management firm with expertise in credit strategies. The firm was formed in 1995 by a group of individuals who had been investing together since the mid-1980s in high yield bonds, convertible securities, distressed debt, real estate, control investments and listed equities. Today, Oaktree comprises more than 950 employees with offices in Los Angeles (headquarters), New York, Stamford, Houston, London, Paris, Frankfurt, Amsterdam*, Dublin*, Helsinki, Luxembourg*, Dubai, Hong Kong, Tokyo, Singapore, Seoul, Beijing, Shanghai and Sydney. We have 40 portfolio managers with an average experience of 25 years and approximately 1,000 years of combined industry experience."
""
""
"The firm’s competitive advantages include its experienced team of investment professionals, a global platform and a unifying investment philosophy. This "
""
""
""
""
"As a result of consistent application of our philosophy and principles, Oaktree has earned a large and distinguished clientele. Among Oaktree's global clients are 69 of the 100 largest U.S. pension plans, more than 400 corporations around the world, 39 of the 50 primary state retirement plans in the United States, over 320 endowments and foundations globally, and over 15 sovereign wealth funds."
""
""
"Our expertise in investing across the capital structure has allowed us to cultivate a diversified mix of global investment strategies in four categories: credit, private equity, real assets and listed equities. Importantly, the expansion of our strategies has been achieved primarily through “step-outs” into highly related fields, based on identifying markets that (a) we believe have the potential for attractive returns, and (b) can be exploited in a manner consistent with the firm’s philosophy focused on risk control."
""
""
""
""
""
""
"
*Office of affiliates of Oaktree-managed funds"
"Oaktree manages assets on behalf of many of the most significant institutional investors worldwide.  Our investor base includes pension plans, insurance companies, endowments, foundations and sovereign wealth funds.  Among our clients are 69 of the 100 largest U.S. pension plans, more than 400 corporations around the world, 39 of the 50 primary state retirement plans in the United States, over 320 endowments and foundations globally, and over 15 sovereign wealth funds."
"Oaktree's foremost priority is to provide its clients with superior risk adjusted performance in alternative asset classes. The company invests in closed-end, open-end and evergreen vehicles across four asset classes: credit, private equity, real assets and listed equities. In addition, the company holds an investment in DoubleLine Capital, an investment management firm and registered investment adviser."
" References to total ""assets under management"" or ""AUM"" represent assets managed by Oaktree and a proportionate amount of the AUM reported by DoubleLine Capital LP (""DoubleLine Capital""), in which Oaktree owns a 20% minority interest.  Oaktree's methodology for calculating AUM includes (i) the net asset value (NAV) of assets managed directly by Oaktree, (ii) the leverage on which management fees are charged, (iii) undrawn capital that Oaktree is entitled to call from investors in Oaktree funds pursuant to their capital commitments, (iv) for collateralized loan obligation vehicles (""CLOs""), the aggregate par value of collateral assets and principal cash, (v) for publicly-traded business development companies, gross assets (including assets acquired with leverage), net of cash, and (vi) Oaktree's pro rata portion (20%) of the AUM reported by DoubleLine Capital.  This calculation of AUM is not based on the definitions of AUM that may be set forth in agreements governing the investment funds, vehicles or accounts managed and is not calculated pursuant to regulatory definitions.
"
" Includes offices of affiliates of Oaktree-managed funds in Amsterdam, Luxembourg and Dublin.
"
""
" All assets under management figures presented on this site are as of March 31, 2020, unless noted otherwise. "
""
 Excludes proportionate amount of DoubleLine Capital AUM.
""
""
""
""
""
""
""
""
""
""
""
""
""
""
""
""
""
""
""
""
""
""
""
""
""
""
""
""
""
""
""
""
""
""
""
""
""
""
""
""
""
""
""
""
""
""
""
""
""
""
""
""
""
""
""
""
""
""
""
""
""
""
""
""
""
""
""
""
""
""
""
""
""
""
""
""
""
""
""
""
""
""
""
""
""
""
""
""
""
""
""
""
""
""
""
""
""
""
""
""
""
""
""
""
""
""
""
""
""
""
""
""
""
""
""
""
""
""
""
""
""
""
""
""
""
""
""
""
""
""
""
""
""
""
""
""
""
""
""
""
""
""
""
""
""
""
""
""
""
""
""
""
""
""
""
""
""
""
""
""
""
""
""
""
""
""
""
""
""
""
""
""
""
""
""
""
""
""
""
""
""
""
""
""
""
""
""
""
""
""
""
""
""
""
""
""
""
""
""
""
""
""
""
""
""
""
""
""
""
""
""
""
""
""
""
""
""
""
""
""
""
""
""
""
""
""
""
""
""
""
""
""
""
""
""
""
""
""
""
""
""
""
""
""
""
""
""
""
""
""
""
""
""
""
""
""
""
""
""
""
""
""
""
""
""
""
